,,hi
,,hello
Nikita,Osipog@rvt.lv,welcome
Nikita,Osipog@rvt.lv,welcome
Nikita,Osipog@rvt.lv,hi
"Nikita Osipog",Osipog@rvt.lv,henlo
,Osipog@rvt.lv,HI
"Nikita Osipog",Osipog@rvt.lv,HI
"Nikita Osipog",Osipog@rvt.lv,hi
Janis123,vlad@lon.lv,"I am me"
#Juris$,kek@rt.lv,"I am you"
Nikita,Osipog@rvt.lv,12321321
Nikita,Osipog@rvt.lv,213213213
Nikita,Osipog@rvt.lv,213213213
Nikita,Osipog@rvt.lv,1111111111
12112,32323@inbox.lv,12
$$$$,32323@inbox.lv,hh
$$$$,32323@inbox.lv,123
$$$$,32323@inbox.lv,
$$$$,32323@inbox.lv,
$$$$,32323@inbox.lv,
$$$$,32323@inbox.lv,
